"x","fixed_effect","time","county_id","true_deforestation_probability","estimated_deforestation_probability_naive","estimated_deforestation_probability_hmm","estimated_deforestation_probability_md","county_id_factor","y_true","y_naive","y_hmm","y_md"
-0.690147128055635,-1.49074293526384,1,1,0.00206431564845122,0.107507507507507,0.00877047944128886,1.83079612624947e-05,"1",-6.18089006331948,-2.11645741943695,-4.72755463929364,-10.9081562429249
0.35952924388205,-1.49074293526384,2,1,0.00587466828069157,0.115452930728242,0.006628334633998,0.0104326680266957,"1",-5.13121369138179,-2.03621280712902,-5.00975129316189,-4.5523257697533
-1.460578949553,-1.49074293526384,3,1,0.000956453107270418,0.100659077291792,4.87817139152911e-07,7.28164596534886e-07,"1",-6.95132188481684,-2.1899228522302,-14.5333247283498,-14.132737991999
-0.454292467456353,-1.49074293526384,4,1,0.00261196938315379,0.114404267931239,6.51161867359384e-07,0.0125500971158925,"1",-5.9450354027202,-2.04652217678788,-14.2445069303054,-4.36539736036582
0.552882850921491,-1.49074293526384,5,1,0.00711888314415046,0.117822966507177,0.0052446543713362,0.00611339338508968,"1",-4.93786008434235,-2.01320954003593,-5.24528748024701,-5.09114112110603
-1.36317938244285,-1.49074293526384,6,1,0.00105419580848042,0.121791044776119,0.00259401631005026,0.0140635795879077,"1",-6.85392231770669,-1.97557772675722,-5.95195051890153,-4.25000342246931
0.96075897688657,-1.49074293526384,7,1,0.0106658619662102,0.117396593673966,0.00643397178528598,0.00605855592602604,"1",-4.52998395837727,-2.0173180639793,-5.03970847643474,-5.10020681989012
-0.977712497973413,-1.49074293526384,8,1,0.00154921666815133,0.12605548854041,0.00704863271448437,0.0288958711816942,"1",-6.46845543323726,-1.93629469035587,-4.94784803049529,-3.51473498205669
1.87682018740905,-1.49074293526384,9,1,0.0262389052641406,0.139563106796117,0.0275090776476554,0.0314959858653961,"1",-3.61392274785479,-1.81892339816888,-3.56534469462586,-3.42589252266411
-1.35581478771753,-1.49074293526384,10,1,0.00106197991666979,0.120123839009288,0.0113605103798694,0.010421989213695,"1",-6.84655772298138,-1.99125796903377,-4.46618640497895,-4.55336067899543
-0.15317027299383,0.636232829118936,1,2,0.0288341322059079,0.125878220140515,0.0299332943739699,0.0217955841748358,"2",-3.51693744387489,-1.93790476941153,-3.47839345271816,-3.80401127384108
0.292148245502059,0.636232829118936,2,2,0.0442932457040285,0.146311970979444,0.0497089684408419,0.051013216532398,"2",-3.071618925379,-1.7638246918965,-2.95058291833979,-2.92331012486835
0.353625505127976,0.636232829118936,3,2,0.0469698037963197,0.171374764595104,0.0630179648357415,0.0642564220096645,"2",-3.01014166575309,-1.57591522039546,-2.69924426747258,-2.67845981156837
0.0778127201408121,0.636232829118936,4,2,0.0360561899594953,0.147877984084881,0.0349008821404229,0.0348438423721049,"2",-3.28595445074025,-1.7513422258692,-3.31971870375341,-3.32141347749441
-1.75290372227466,0.636232829118936,5,2,0.00596021371788904,0.132,0.00533697174135197,2.77886456331385e-07,"2",-5.11667089315573,-1.88338979207398,-5.22774561225045,-15.0960529592624
-0.00669149352867609,0.636232829118936,6,2,0.0332315700660309,0.165016501650165,0.0373819590782244,0.0466889531281703,"2",-3.37045866440974,-1.62136648329937,-3.2484684881096,-3.01643365049079
-0.0829432450769156,0.636232829118936,7,2,0.0308671133558134,0.169410150891632,0.0363750034593949,0.0418573930524499,"2",-3.44671041595798,-1.58981340692512,-3.27682039059415,-3.13072818861295
0.731823010501274,0.636232829118936,8,2,0.0671106304537381,0.194933145672062,0.0736975273501068,0.0795241009462358,"2",-2.63194416037979,-1.4182686657524,-2.53123157720948,-2.44883068560522
1.19262578136989,0.636232829118936,9,2,0.10237210120546,0.214126394052045,0.0785819922365456,0.0878957063250611,"2",-2.17114138951117,-1.30022950573429,-2.46177122944502,-2.33960338440663
0.338886748815841,0.636232829118936,10,2,0.0463144312481691,0.212451361867704,0.0558419083832647,0.0533038480140138,"2",-3.02488042206522,-1.31021205466245,-2.82776898826876,-2.87696966451546
0.728681152902172,0.631114090564157,1,3,0.0665953067032767,0.174593618302228,0.0937338083221238,0.0858914437132129,"3",-2.64020475653367,-1.55341475658179,-2.26887413398477,-2.36486511845644
0.202328581980588,0.631114090564157,2,3,0.0404438078525318,0.159717767799872,0.0276714390996184,0.0230998085408351,"3",-3.16655732745526,-1.66032951973049,-3.55929297113127,-3.74456015942746
-1.9645860576614,0.631114090564157,3,3,0.00480409003213926,0.152676801057502,0.012595755151961,0.0236378416591743,"3",-5.33347196709725,-1.71375892695882,-4.36171966033633,-3.72098469346329
0.722695960322302,0.631114090564157,4,3,0.0662242285953218,0.166333998669328,0.0434836363940873,0.0290085468912333,"3",-2.64618994911354,-1.61183503703382,-3.0909132040544,-3.51072715914659
-0.00212411906211534,0.631114090564157,5,3,0.0332138608216901,0.170945945945946,0.0402254578143286,0.0448916343282366,"3",-3.37101002849796,-1.57893795598339,-3.17219833083806,-3.05757334641865
-0.361673100810859,0.631114090564157,6,3,0.0234178799919107,0.158402203856749,0.0124735298537698,0.00969223651455374,"3",-3.7305590102467,-1.67016483080835,-4.37159451432756,-4.62669056129895
-0.0514863893751954,0.631114090564157,7,3,0.0316648109061972,0.166087560806115,0.0295281986640633,0.0154793359650481,"3",-3.42037229881104,-1.61361328384458,-3.49243665268226,-4.15264891630231
-1.27658331768161,0.631114090564157,8,3,0.00951364291913071,0.16454802259887,0.0132739925434648,0.0170515314154323,"3",-4.64546922711745,-1.62477041041269,-4.30858572655024,-4.05431667739046
-0.177111473532049,0.631114090564157,9,3,0.028031421960776,0.187455452601568,0.0371164846557355,0.0425432557845142,"3",-3.54599738296789,-1.46662950921078,-3.2558712430282,-3.11375920277499
-0.726678729799098,0.631114090564157,10,3,0.0163737808536097,0.156862745098039,0.00699408993030906,6.42220725407456e-08,"3",-4.09556463923494,-1.68175857401373,-4.95567111899243,-16.5609188120713
-1.18337090919824,-1.26439011403545,1,4,0.00158155959268575,0.112063686466626,0.00285761998097056,1.13417922677645e-06,"4",-6.44776102323369,-2.0698326825732,-5.85490446431351,-13.6896001826634
0.292270193279127,-1.26439011403545,2,4,0.00688077165564982,0.132603406326034,0.0130919150482756,0.0245381680015801,"4",-4.97211992075632,-1.87813353818515,-4.32258204162409,-3.68268124976063
-0.133923878481661,-1.26439011403545,3,4,0.0045038261341503,0.119975262832406,0.000282213764517553,0.00537809921559076,"4",-5.39831399251711,-1.99266443902652,-8.17256349038754,-5.22002765963468
-1.65770686919747,-1.26439011403545,4,4,0.000984789880991674,0.132442284325638,0.00467077283694541,0.0118672736087048,"4",-6.92209698323292,-1.87953508011044,-5.36174901630143,-4.42203253249511
0.598001449661051,-1.26439011403545,5,4,0.00931852542613289,0.11433868974042,0.00476348994006071,1.62397505808103e-05,"4",-4.6663886643744,-2.04716960274985,-5.34199982718277,-11.0280323417907
0.02847701463876,-1.26439011403545,6,4,0.00529378943319615,0.116930572472594,0.00318486875797369,0.000665913984013138,"4",-5.23591309939669,-2.02182346338684,-5.74615424584799,-7.31368391309509
-1.15249096608704,-1.26439011403545,7,4,0.00163107904754039,0.118727050183599,0.000650579996197014,3.75575674082371e-06,"4",-6.41688108012249,-2.00454023350672,-7.33699549938247,-12.4922170084407
-0.102548107989605,-1.26439011403545,8,4,0.00464671034751807,0.127504553734062,0.00540383298537606,0.0104639895667638,"4",-5.36693822202505,-1.92320535536156,-5.2152282785979,-4.54929635928118
0.0826252754041209,-1.26439011403545,9,4,0.00558669613015912,0.121696373693915,0.000446578903064763,1.68522177176781e-06,"4",-5.18176483863133,-1.97646314723533,-7.71344778002005,-13.2936117023048
-1.23580108793194,-1.26439011403545,10,4,0.00150089568593402,0.126751980499695,0.0110038796292189,0.00445222008692177,"4",-6.50019120196738,-1.92998734812685,-4.49844250465325,-5.40989025053867
-1.26231202032413,-0.14117396604667,1,5,0.00448069660978024,0.112454655380895,0.00410546142028471,0.00285552139724319,"5",-5.4034859863708,-2.06590953546126,-5.49132322597653,-5.85564122036721
1.48105325644424,-0.14117396604667,2,5,0.0653679582869002,0.159186116098145,0.0695820483137701,0.0694899698564103,"5",-2.66012070960243,-1.66429627298615,-2.59312728806267,-2.59455043178651
-0.34801758703483,-0.14117396604667,3,5,0.0111050126038152,0.132659507264687,0.00520410904086685,0.00896845904484982,"5",-4.4891915530815,-1.8776458750505,-5.25308906769085,-4.70503248978395
0.207731388341405,-0.14117396604667,4,5,0.0192002958135783,0.14058524173028,0.0286613489333559,0.0298924375320228,"5",-3.93344257770526,-1.81043763644245,-3.5231256846931,-3.47980143143671
0.831623091535036,-0.14117396604667,5,5,0.035244987533105,0.146753246753247,0.0288374445217668,0.0452836565345617,"5",-3.30955087451163,-1.76029619977227,-3.51681916498354,-3.04846808932184
1.55139621299377,-0.14117396604667,6,5,0.0697992113870911,0.181578947368421,0.0623718458887509,0.0739423065705022,"5",-2.5897777530529,-1.50568640758197,-2.71023946034163,-2.52765138843796
-2.08032044136875,-0.14117396604667,7,5,0.00198233722832697,0.129209621993127,0.000250398218433066,6.72554923931798e-08,"5",-6.22149440741542,-1.90796521749119,-8.29220760407426,-16.5147670832698
0.283865112060363,-0.14117396604667,8,5,0.0206877489452918,0.165322580645161,0.0238335162410146,0.042055751365278,"5",-3.85730885398631,-1.61914672656106,-3.71254031403773,-3.12579342918982
-0.616299419877239,-0.14117396604667,9,5,0.00851416524004794,0.154589371980676,0.0061669782480187,6.1714793912626e-07,"5",-4.75747338592391,-1.69905007112379,-5.08236023753483,-14.298156452954
1.10029928423343,-0.14117396604667,10,5,0.0456130785389077,0.18377253814147,0.0697553710440659,0.075754114167366,"5",-3.04087468181324,-1.49099428127405,-2.59045317149315,-2.50148539109403
-1.25582328738154,-0.157855102224082,1,6,0.00443546102777962,0.121749408983452,0.021439302340432,0.0167161796648524,"6",-5.41367838960563,-1.97596705648812,-3.82085702066413,-4.07452071459175
-0.144913669109665,-0.157855102224082,2,6,0.013350397930984,0.118452380952381,0.0124051362250925,0.00582650426632331,"6",-4.30276877133375,-2.00716798954331,-4.37716195819354,-5.13949452515897
0.993537948799107,-0.157855102224082,3,6,0.0405308343204601,0.136911942098914,0.0395654054202231,0.0342218809867124,"6",-3.16431715342498,-1.84117876207505,-3.18943074876048,-3.34006888294704
-0.956580737296346,-0.157855102224082,4,6,0.00597347034937698,0.121846153846154,0.00403451443965628,0.0149888743358039,"6",-5.11443583952043,-1.9750625867823,-5.50882664658748,-4.1853447212467
-0.517462840621638,-0.157855102224082,5,6,0.00923645322983066,0.125541125541126,0.00674448954634186,0.00741804808332763,"6",-4.67531794284572,-1.94097186741473,-4.99226213460794,-4.89639361932682
0.862521253243205,-0.157855102224082,6,6,0.0357316130509577,0.151421508034611,0.0411319944911507,0.0377421227419681,"6",-3.29533384898088,-1.72349519522324,-3.14896715434041,-3.23850569358717
-0.811316012506808,-0.157855102224082,7,6,0.00690095143434642,0.14193962748876,0.00113940537031816,0.0178536450245627,"6",-4.96917111473089,-1.79927265257884,-6.77610870265689,-4.00753264446687
-0.200568480916345,-0.157855102224082,8,6,0.012636814726527,0.149417852522639,0.013831356178831,0.024724660052284,"6",-4.35842358314043,-1.73917423409007,-4.26688917681339,-3.67491870281189
-0.897882104539381,-0.157855102224082,9,6,0.0063323133323943,0.122875816993464,2.58853532559866e-05,7.15412130829362e-08,"6",-5.05573720676346,-1.96547435470168,-10.5618073748842,-16.4529920750094
0.0803914122735823,-0.157855102224082,10,6,0.0166678754551339,0.146683673469388,0.0222439788949952,0.0257668316216666,"6",-4.0774636899505,-1.76085193176498,-3.78318881121044,-3.63256259879768
-0.175568475101367,0.30814481093942,1,7,0.0204838156962766,0.139478471801092,0.0180113638126573,0.0273688242606341,"7",-3.86742366416195,-1.81962836823685,-3.99857685455577,-3.57060038657486
-1.39198299897175,0.30814481093942,2,7,0.00615792657640932,0.130922693266833,0.00333031515955296,0.0126691370554063,"7",-5.08383818803233,-1.892825060603,-5.70135246395761,-4.35583632134249
-1.01280992740564,0.30814481093942,3,7,0.00897172485746077,0.133917396745932,0.0119811721011684,0.0117117741916068,"7",-4.70466511646622,-1.86675712115576,-4.41236532808163,-4.4353797047858
-0.206157580574099,0.30814481093942,4,7,0.0198789876403143,0.123356293049468,0.0162961840517345,4.8501101197777e-07,"7",-3.89801276963468,-1.96102378686536,-4.10039387854029,-14.5390937561467
0.270520576828881,0.30814481093942,5,7,0.0316353176015872,0.148909657320872,0.0394773816079947,0.0311344244768919,"7",-3.4213346122317,-1.74317848819922,-3.19174964011155,-3.43781177392704
-0.334635681830056,0.30814481093942,6,7,0.0175242354448878,0.13462783171521,0.00442940175049846,0.00746086398704948,"7",-4.02649087089064,-1.86064549740063,-5.415051508464,-4.89059522006712
-0.902428969274521,0.30814481093942,7,7,0.0100082767375661,0.135538261997406,0.0119505840578552,0.00749299316174334,"7",-4.5942841583351,-1.8528530682139,-4.41495256031538,-4.88626573356066
0.722813522847153,0.30814481093942,8,7,0.0488442264735386,0.173213135866066,0.0650601796024388,0.0620266840240551,"7",-2.96904166621343,-1.56302410464807,-2.6651694823985,-2.71615682087502
1.32896720712634,0.30814481093942,9,7,0.0860468039654338,0.207243460764588,0.0824228863310881,0.080501503138485,"7",-2.36288798193424,-1.3416219210683,-2.40987347890502,-2.43555255253046
-0.218640675421476,0.30814481093942,10,7,0.0196372214883218,0.153678077203205,0.0208461253790495,0.0145727570443396,"7",-3.91049586448206,-1.70603980393579,-3.84952070764549,-4.21392146654083
-1.29055289510117,0.550988339918848,1,8,0.00866668414032984,0.127646702964307,0.00871976691455228,0.00823093149167909,"8",-4.73956455518232,-1.92192818436883,-4.73340476486294,-4.79159109559339
0.462071331878335,0.550988339918848,2,8,0.0480193649061155,0.139620330679731,0.0293035783947181,0.0208114985217724,"8",-2.98694032820282,-1.81844695281341,-3.50030413622658,-3.85121852140879
0.834941961470515,0.550988339918848,3,8,0.0682383893890035,0.162921348314607,0.0611808893343302,0.0483107450160689,"8",-2.61406969861064,-1.63665047595899,-2.73078794527782,-2.98058456865723
0.302022259664292,0.550988339918848,4,8,0.0412100682381834,0.174934725848564,0.051456590145655,0.0650355369578594,"8",-3.14698940041686,-1.55104959419595,-2.91418901274639,-2.66557467819884
0.464716095934749,0.550988339918848,5,8,0.0481404109680977,0.186903137789905,0.0583378636442256,0.0594508391896271,"8",-2.9842955641464,-1.47025974123722,-2.78139519923897,-2.76131417937916
0.68991249958664,0.550988339918848,6,8,0.0595748160823698,0.192771084337349,0.0576147555317499,0.0544812124850528,"8",-2.75909916049451,-1.43210389715118,-2.79463544805537,-2.85387784116287
0.771615713471977,0.550988339918848,7,8,0.0643204192477377,0.193406593406593,0.0592485528343519,0.0534548251228312,"8",-2.67739594660918,-1.42802503357636,-2.76493761280264,-2.8739817908777
-0.284756883968901,0.550988339918848,8,8,0.023344591778549,0.196136701337296,0.0317278333424017,0.0409096017968614,"8",-3.73376854405005,-1.41061735626011,-3.41831889259413,-3.15462053517077
-0.517616022071323,0.550988339918848,9,8,0.0185852356921818,0.192159877017679,0.0328631582451625,0.040358233074951,"8",-3.96662768215248,-1.4360364530147,-3.38198777694238,-3.16876463995462
0.44892300477452,0.550988339918848,10,8,0.047421868187641,0.197327044025157,0.0375602153598748,0.0388500230968371,"8",-3.00008865530663,-1.40308487903288,-3.24352611471243,-3.20842178884179
-1.4934865154042,-0.689931721860369,1,9,0.00205911402390194,0.122486288848263,0.000812023127437231,0.00720343216766188,"9",-6.18341823726457,-1.96909348451097,-7.11516938314584,-4.92596817443145
0.379490266526467,-0.689931721860369,2,9,0.0132497085318097,0.114337568058076,0.0107652002085282,3.62861983795174e-07,"9",-4.3104414553339,-2.04718067946161,-4.52061298601937,-14.8292429220483
1.56460730248693,-0.689931721860369,3,9,0.0420746504531092,0.129963898916968,0.0357653185901863,0.0289644718871493,"9",-3.12532441937343,-1.90127799503454,-3.29435604103167,-3.51229308523228
0.357688067844096,-0.689931721860369,4,9,0.0129676674893979,0.152240638428484,0.0250350186513557,0.0380555822382654,"9",-4.33224365401627,-1.71713440724431,-3.66212596299449,-3.22990888968474
0.440834948479798,-0.689931721860369,5,9,0.0140761565388102,0.132183908045977,0.0092678686394712,6.19516580394142e-07,"9",-4.24909677338057,-1.88178562088577,-4.67189076352795,-14.2943257525634
0.394382747929533,-0.689931721860369,6,9,0.0134458331905765,0.137142857142857,0.0175520529982061,0.0152282261432281,"9",-4.29554897393084,-1.83922600646698,-4.02487643916406,-4.16925922375908
0.119430014867964,-0.689931721860369,7,9,0.0102466828669835,0.13963963963964,0.00633914269154622,0.0135183309611395,"9",-4.57050170699241,-1.81828622356148,-5.05465242145535,-4.29009813009995
1.29168207752667,-0.689931721860369,8,9,0.032350212437522,0.176853055916775,0.0461356641415919,0.0624655824105795,"9",-3.39824964433369,-1.53781553640812,-3.02893517919735,-2.70863774563515
1.02044904321167,-0.689931721860369,9,9,0.0248560800263684,0.151515151515152,0.0175664340217671,0.0118272693288198,"9",-3.6694826786487,-1.7227665977411,-4.02404280088347,-4.425449685702
-1.63890172221069,-0.689931721860369,10,9,0.00178093643086852,0.141407307171854,0.00768199546078275,2.97118073311143e-06,"9",-6.32883344407106,-1.80365021574958,-4.86116428597203,-12.7265481597317
0.779150055032374,0.64943363109081,1,10,0.0710008276511082,0.176821983273596,0.0863985907504989,0.0812313920662505,"10",-2.57141631387682,-1.53802899724954,-2.35842301650522,-2.42573252959775
0.55094910838947,0.64943363109081,2,10,0.0573448619233965,0.170403587443946,0.0592675610781944,0.0340133815033685,"10",-2.79961726051972,-1.58276966535194,-2.76459663658926,-3.34639596081375
-0.310942772636207,0.64943363109081,3,10,0.0250500786052795,0.164438502673797,0.0227905591515251,0.0220078836132965,"10",-3.6615091415454,-1.62556729436398,-3.75835462255172,-3.7941008738214
0.217281771308251,0.64943363109081,4,10,0.0417549873641993,0.18957345971564,0.0432175541771709,0.0450562243593063,"10",-3.13328459760094,-1.45278410238872,-3.09732927686361,-3.05374132498419
-0.929817272585969,0.64943363109081,5,10,0.0136484934704109,0.155367231638418,0.00188599783706783,7.0085056462515e-07,"10",-4.28038364149516,-1.69311038815822,-6.27141046303694,-14.1709704463578
1.17557174281782,0.64943363109081,6,10,0.10201856149601,0.221988795518207,0.100505788541829,0.106881895690319,"10",-2.17499462609137,-1.25411401576235,-2.19161729480998,-2.12299438154289
0.810796199627514,0.64943363109081,7,10,0.0731167476804141,0.203942380591357,0.0719714771069325,0.0631933902725275,"10",-2.53977016928168,-1.36183406354973,-2.55679257895522,-2.69627715651476
-0.554097431213397,0.64943363109081,8,10,0.0197498131717137,0.204633204633205,0.0177691716443118,0.0259063611826045,"10",-3.90466380012259,-1.35758425523746,-4.01236131447934,-3.62701889338239
-0.0575434395948703,0.64943363109081,9,10,0.0320429722566798,0.191269841269841,0.025895261070322,0.00555517151105284,"10",-3.40810980850406,-1.44178009973207,-3.62745885098992,-5.18745532243062
1.79793781313087,0.64943363109081,10,10,0.17470694722758,0.32387706855792,0.228825119089957,0.236565998429179,"10",-1.55262855577832,-0.736010884991728,-1.2149571316199,-1.17159944684529
-0.428470318698566,0.664641885345343,1,11,0.0226689690082725,0.114404267931239,0.0157592790006341,0.0184619788839484,"11",-3.76382843335322,-2.04652217678788,-4.13444116760341,-3.97340732892116
-0.581820293646243,0.664641885345343,2,11,0.0195089839464582,0.134081512108683,0.0327249222296469,0.0340388980239988,"11",-3.9171784083009,-1.86534286496519,-3.38634598480829,-3.34561963608804
-0.128561062986834,0.664641885345343,3,11,0.0303564599070548,0.130726939523519,0.0298022348901498,0.0370556509184771,"11",-3.46391917764149,-1.894546583068,-3.48291654525993,-3.25757475948424
0.998594363908416,0.664641885345343,4,11,0.088123626465563,0.177860696517413,0.0891121523793608,0.096256827258167,"11",-2.33676375074624,-1.53090920959178,-2.324524065076,-2.23952531587387
0.829732677516658,0.664641885345343,5,11,0.07546475571196,0.175415282392027,0.0713942515696152,0.0757373401236788,"11",-2.505625437138,-1.54772368205829,-2.56546691011859,-2.50172499183972
1.76147760916694,0.664641885345343,6,11,0.171663898442771,0.280055594162613,0.20135353821227,0.208474842956487,"11",-1.57388050548771,-0.944185860872745,-1.37785611239438,-1.33414328614932
-0.0752426358709162,0.664641885345343,7,11,0.0319658026434276,0.201158940397351,0.0486917999983489,0.0503141592333662,"11",-3.41060075052557,-1.37906665799844,-2.97232745190636,-2.93784470278705
0.0759797181210023,0.664641885345343,8,11,0.0369913462967129,0.227682227682228,0.0383832077390707,0.0667603020449581,"11",-3.25937839653365,-1.22144516894282,-3.22099596097309,-2.63755345571914
0.809615109984884,0.664641885345343,9,11,0.0740730891444662,0.258283772302464,0.0605742502057284,0.0719038328035441,"11",-2.52574300466977,-1.05490785443338,-2.7413988954349,-2.55780578513475
-2.43175079037077,0.664641885345343,10,11,0.00311903128600032,0.188444444444444,0.00217798321817723,1.0639493062626e-07,"11",-5.76710890502543,-1.46014960592296,-6.12717560118074,-16.056107799269
0.594168926416766,-0.861094590632151,1,12,0.0138308584976804,0.134443783462225,0.0221075486285058,0.0341384573585307,"12",-4.26692566421539,-1.86222618033331,-3.78948057896136,-3.34259596274438
-0.332828218952544,-0.861094590632151,2,12,0.00551955710930032,0.118872549019608,0.00296452383354227,0.0143767773449341,"12",-5.19392280958469,-2.00315037921766,-5.81806992846107,-4.22765993402161
0.20974624676905,-0.861094590632151,3,12,0.00945840266843539,0.138077858880779,0.0116742223164895,0.0251659842567048,"12",-4.6513483438631,-1.83134722220928,-4.43862918756585,-3.65677396465043
0.289385925668363,-0.861094590632151,4,12,0.0102344495081438,0.101485148514851,0.00618469128526363,6.6875673222589e-08,"12",-4.57170866496379,-2.18083076756054,-5.07947429212953,-16.5204304980254
0.813972023194931,-0.861094590632151,5,12,0.0171725301601449,0.128974205158968,0.0188091783123623,0.0200244713354476,"12",-4.04712256743722,-1.91005916725708,-3.95442199936433,-3.89057250822379
-0.196197873083848,-0.861094590632151,6,12,0.00632253483076058,0.130407911001236,0.00401552981210667,0.00874317842904862,"12",-5.057292463716,-1.89735692363832,-5.51356236840572,-4.73069986650361
-1.38998223208667,-0.861094590632151,7,12,0.0019246650193906,0.129514321295143,2.30649329300722e-05,0.00608502702532585,"12",-6.25107682271882,-1.90525984309244,-10.6771740836257,-5.09582049499872
0.360044442199963,-0.861094590632151,8,12,0.0109755373345682,0.140350877192982,0.0205140172453482,0.0302807753647664,"12",-4.50105014843219,-1.81237875643079,-3.86591950612203,-3.46649353571747
-1.21465421445518,-0.861094590632151,9,12,0.00229265649160641,0.115702479338843,0.00313978176261184,4.04398502434761e-07,"12",-6.07574880508733,-2.03377150484665,-5.760457262611,-14.7208646485865
1.89164934629693,-0.861094590632151,10,12,0.0488254802657765,0.160401002506266,0.05459429861607,0.0620128194456991,"12",-2.96944524433522,-1.65524744846539,-2.85168469265129,-2.71639515320106
-0.617676828340119,-0.0855466415169563,1,13,0.00898455195132174,0.125456760048721,0.00318585949779011,0.00961584499610481,"13",-4.70322346985707,-1.94174058081859,-5.74584222319178,-4.63468064493038
0.299964950279228,-0.0855466415169563,2,13,0.0221919951595571,0.141809290953545,0.0252604098118933,0.0401418907610889,"13",-3.78558169123773,-1.80034321291945,-3.65293200779772,-3.17436502424035
0.8976317430359,-0.0855466415169563,3,13,0.0396230479273058,0.141263940520446,0.0378458184469482,0.0273623936237872,"13",-3.18791489848106,-1.80483155079541,-3.23565421289084,-3.57084198786467
1.17917693283208,-0.0855466415169563,4,13,0.0518395823840848,0.149150409062303,0.0327038393511576,0.0381939938792041,"13",-2.90636970868487,-1.74128011546778,-3.3870122336771,-3.22613449853336
2.50936727204434,-0.0855466415169563,5,13,0.171337257241388,0.2449773169151,0.165731054658921,0.159995783271344,"13",-1.57617936947262,-1.12558217038021,-1.61618950496973,-1.65825945140739
0.105470053837187,-0.0855466415169563,6,13,0.0183415116779921,0.193164933135215,0.0375869629688872,0.0496668990103475,"13",-3.98007658767977,-1.42957486947835,-3.24278645022314,-2.95147386043093
0.551189496096029,-0.0855466415169563,7,13,0.0283503162802486,0.189189189189189,0.0410016179456382,0.0269342549260935,"13",-3.53435714542093,-1.45528723260684,-3.15227785975013,-3.58705275552581
0.939500308664805,-0.0855466415169563,8,13,0.0412473466602737,0.198321891685736,0.0283840124476579,0.0525723870159324,"13",-3.14604633285215,-1.39681573986142,-3.53313460719135,-2.89155951590336
1.43494576935936,-0.0855466415169563,9,13,0.0659519847168096,0.221356196414653,0.0576497979432356,0.0672125175501387,"13",-2.6506008721576,-1.25778054048735,-2.79399022805915,-2.63031789292717
1.90136667079657,-0.0855466415169563,10,13,0.101180155727575,0.262074425969913,0.102511488515287,0.106653112415767,"13",-2.18417997072039,-1.03521443930853,-2.16962544433277,-2.12539332944134
0.412601859788856,0.0582710452234328,1,14,0.0284947421948399,0.123729826658697,0.0275414093111299,0.0111929882865096,"14",-3.52912709498771,-1.95757408918123,-3.56413682908268,-4.48121164140731
-0.163233268731479,0.0582710452234328,2,14,0.0162231122523971,0.121744397334949,0.019425230315429,0.00640608887984792,"14",-4.10496222350805,-1.97601392735554,-3.92156614658547,-5.04407965750111
-0.444889820404058,0.0582710452234328,3,14,0.0122898110420284,0.124692874692875,0.00731271814991932,0.0102873858681738,"14",-4.38661877518063,-1.94872111366096,-4.91080064725786,-4.56649614051301
-0.17703912344208,0.0582710452234328,4,14,0.0160042372086133,0.146674953387197,0.0152561232438863,0.0344647569759142,"14",-4.11876807821865,-1.76092160074236,-4.16740063710882,-3.33274533857489
-0.502637161449551,0.0582710452234328,5,14,0.0116082151069543,0.128662420382166,0.0146064212128872,1.16274844850601e-06,"14",-4.44436611622612,-1.91283740078129,-4.21157989260853,-13.6647228404255
0.68903731033038,0.0582710452234328,6,14,0.0372302872533441,0.151724137931034,0.0256694890271585,0.0306188396344019,"14",-3.25269164444619,-1.7211419020141,-3.63644749049231,-3.45504239506218
0.326013622458399,0.0582710452234328,7,14,0.026193142845346,0.145980707395498,0.0363875423805579,0.0209786131827987,"14",-3.61571533231817,-1.76647931255498,-3.27646272509122,-3.84304998895134
-0.0338386792530475,0.0582710452234328,8,14,0.0184228724015947,0.161543492478744,0.0375051044876065,0.0446610511240479,"14",-3.97556763402961,-1.64678830085264,-3.2450517194017,-3.06296441552454
0.707205583261915,0.0582710452234328,9,14,0.0378870178808892,0.167226326393553,0.0331539143784681,0.0347696266122765,"14",-3.23452337151465,-1.60541376213437,-3.37287852543989,-3.32362259457472
1.57702557259825,0.0582710452234328,10,14,0.085904143142645,0.202047781569966,0.0876338291552665,0.078381896858189,"14",-2.36470338217832,-1.37354450714801,-2.34287431164623,-2.46453793964265
-0.658353392596604,0.443222093493536,1,15,0.0145553935741731,0.118372379778052,0.0121908862598788,0.00894701780868353,"15",-4.21513129910307,-2.00793435122617,-4.39480082966889,-4.70744772523473
-0.199546516682445,0.443222093493536,2,15,0.0228358178576419,0.141463414634146,0.0241393642229973,0.0479758682143858,"15",-3.75632442318891,-1.80318816505168,-3.69947590675831,-2.98789224402905
0.651685619710683,0.443222093493536,3,15,0.0519024064890882,0.155819774718398,0.0490252981114254,0.0532427492838562,"15",-2.90509228679578,-1.68966595974305,-2.96515100773415,-2.87818109365064
2.57133855294546,0.443222093493536,4,15,0.271813831294484,0.33741935483871,0.309144344962607,0.323068396508708,"15",-0.985439353560999,-0.674815745863635,-0.804122605466703,-0.739706184289221
1.00056221291426,0.443222093493536,5,15,0.0720100177093851,0.237302248126561,0.061247900076521,0.0319938983659802,"15",-2.55621569359221,-1.16752718440548,-2.72962187563949,-3.40969318204202
-0.859201228715863,0.443222093493536,6,15,0.011938468571088,0.204010462074978,0.0276036748657995,0.0254641746786133,"15",-4.41597913522233,-1.36141476523727,-3.56181455209255,-3.64468873126153
2.35126471678981,0.443222093493536,7,15,0.230495902983923,0.333619210977702,0.212515588253402,0.208020062105054,"15",-1.20551318971665,-0.691861006749201,-1.30982823373577,-1.33690153307464
-0.141813359658498,0.443222093493536,8,15,0.0241602121714454,0.256782945736434,0.0188627773260894,0.00278294452460411,"15",-3.69859126616496,-1.06275697538103,-3.95152180368896,-5.88145890619011
0.186921807523261,0.443222093493536,9,15,0.0332509342715386,0.257367387033399,0.0268521948539427,0.0531683640915086,"15",-3.3698560989832,-1.05969687241844,-3.59018841463456,-2.87965773105547
-0.651793548003826,0.443222093493536,10,15,0.0146497851747433,0.269980506822612,0.0341839221767071,0.0477486489184644,"15",-4.20857145451029,-0.994721477329881,-3.34121799871773,-2.99287825256325
-0.848047160100122,0.198530145535872,1,16,0.00947557570759762,0.11997600479904,0.011928827127554,0.00262997189946408,"16",-4.64951701456425,-1.99265741159495,-4.41679681405899,-5.93814868111279
-0.359490881485831,0.198530145535872,2,16,0.0153531749182368,0.129206730769231,0.0153536038425853,0.0144983387668261,"16",-4.16096073594996,-1.90799091419302,-4.16093236355181,-4.21911673720878
-0.0774588769048767,0.198530145535872,3,16,0.0202542444394156,0.126906650396583,0.0159710193950441,0.00773943550773674,"16",-3.87892873136901,-1.92859069985513,-4.12087955638809,-4.85365698548804
-0.0572729975282775,0.198530145535872,4,16,0.0206587164412275,0.144519289650949,0.0222722404597004,0.0271672501837314,"16",-3.85874285199241,-1.77825055423135,-3.78189018620993,-3.57819996565981
1.07397363857017,0.198530145535872,5,16,0.061370232319216,0.176507537688442,0.0651981399694139,0.069720583052805,"16",-2.72749621589396,-1.54019081442995,-2.66290365197667,-2.59098940595831
-0.956121699577598,0.198530145535872,6,16,0.00851316776122562,0.144736842105263,0.0121669466370567,3.04467062036543e-06,"16",-4.75759155404173,-1.77649199709727,-4.39679072622058,-12.7021147886298
0.317855991776876,0.198530145535872,7,16,0.0297820792204408,0.159868421052632,0.0217611181620393,0.0355878216411115,"16",-3.48361386268725,-1.65920741269199,-3.8056290888767,-3.2995152835404
-0.786327978856151,0.198530145535872,8,16,0.01007274864819,0.151108126259234,0.0117331014459887,0.00801635999900962,"16",-4.58779783332028,-1.72593617250238,-4.43353877088873,-4.81822216182422
-1.01990558943977,0.198530145535872,9,16,0.00799132365219276,0.132126089872569,0.0026763090257709,2.72394181963594e-07,"16",-4.82137544390389,-1.88228974632286,-5.92063676615769,-15.1160153489352
-0.149891254365442,0.198530145535872,10,16,0.0188657515314546,0.148,0.0219461418313674,0.0187180522912406,"16",-3.95136110882957,-1.7503742530652,-3.79697338492946,-3.95937140537601
-0.147560078412375,0.302443561558302,1,17,0.0209362117655168,0.122054380664653,0.0249895648838141,0.00704070641970348,"17",-3.84511651685407,-1.97311796616908,-3.66398984054064,-4.94898116098787
0.7996776403462,0.302443561558302,2,17,0.05225852132711,0.15166163141994,0.0394403068956488,0.0498429204307169,"17",-2.8978787980955,-1.72162764545397,-3.19272781719182,-2.94775084895689
1.44996985662436,0.302443561558302,3,17,0.0955578447914008,0.183035714285714,0.0990568857759394,0.0866380567044662,"17",-2.24758658181734,-1.49591408613711,-2.20774783043845,-2.35539306210051
-0.317092572316626,0.302443561558302,4,17,0.01772928751907,0.157326130992573,0.0223371843530422,0.0324718967431168,"17",-4.01464901075832,-1.67825909536367,-3.77891209173491,-3.39436947211892
0.18315723223761,0.302443561558302,5,17,0.0289052948448501,0.159779614325069,0.0280376948586241,0.0101144978042379,"17",-3.51439920620409,-1.65986876606099,-3.54576717323889,-4.58361946132238
-0.334514554538469,0.302443561558302,6,17,0.0174284199307424,0.154381084840056,0.0170755530368048,0.0165398193921662,"17",-4.03207099298017,-1.70064468065383,-4.0528844639246,-4.08530637949661
0.947877096998682,0.302443561558302,7,17,0.0601047623198993,0.201929703652653,0.0681526783523856,0.0728169181871248,"17",-2.74967934144302,-1.37427704911587,-2.61541852507897,-2.54420272444028
-0.414816117248084,0.302443561558302,8,17,0.0161052669308059,0.179956108266277,0.00581852342987307,0.0342107307742061,"17",-4.11237255568978,-1.5166448871398,-5.14087323864737,-3.34040630243326
1.27868533643527,0.302443561558302,9,17,0.0817449536105812,0.215758468335788,0.0721112048397258,0.0701138865620055,"17",-2.41887110200642,-1.29055746912646,-2.55470245365674,-2.5849412490955
0.455843714356357,0.302443561558302,10,17,0.037625823425561,0.187260168841136,0.0323262129296947,0.0312604977390915,"17",-3.24171272408534,-1.4679121203082,-3.39901658673784,-3.43364049681073
-0.368435445774387,-0.0924908825443494,1,18,0.0114197407657596,0.128111718275653,0.00724849265714557,0.0127214160231928,"18",-4.46092632831874,-1.9177586161321,-4.9196868504699,-4.3516653785827
0.207301022469474,-0.0924908825443494,2,18,0.0201303710280502,0.135185185185185,0.0149515104448526,0.0182376188944851,"18",-3.88518986007488,-1.85586981652051,-4.1878785401015,-3.98586287158044
0.455731578103504,-0.0924908825443494,3,18,0.0256616915370408,0.131464174454829,0.0350654263015644,0.0127206945699238,"18",-3.63675930444085,-1.8880744578444,-3.31484466038276,-4.35172282265104
1.5508703309765,-0.0924908825443494,4,18,0.0729914450101535,0.175803402646503,0.0787798467168492,0.0776620125630049,"18",-2.54162055156785,-1.54504275019578,-2.45904183308491,-2.47454549809597
-0.114878034833606,-0.0924908825443494,5,18,0.0146671541367705,0.161137440758294,0.0201119898307544,0.0322499003197723,"18",-4.20736891737796,-1.64978920795767,-3.88612214358017,-3.40145894008257
0.983698789741005,-0.0924908825443494,6,18,0.0427460430641076,0.154900616860864,0.0290824373740315,0.0154496827657643,"18",-3.10879209280334,-1.69667050389206,-3.5081070999125,-4.15459653603083
-0.786361050299829,-0.0924908825443494,7,18,0.00754833027400393,0.172484599589322,0.0209368563401357,0.0383076881625672,"18",-4.87885193284418,-1.56811976310337,-3.84508507142192,-3.22304394598343
1.08679601677972,-0.0924908825443494,8,18,0.0471692602393074,0.171952078928823,0.0468003232017959,0.0400167112706917,"18",-3.00569486576463,-1.57185520128506,-3.01393429723321,-3.17761872810201
1.95384825504278,-0.0924908825443494,9,18,0.10539730589497,0.224647887323944,0.0933824262517586,0.108780646924382,"18",-2.13864262750157,-1.23878303393784,-2.27301755078622,-2.10325714361986
0.5432684595385,-0.0924908825443494,10,18,0.0279436872306987,0.178680981595092,0.0227251497044705,0.00610978633186362,"18",-3.54922242300585,-1.52530961688205,-3.76129570545319,-5.09173494919367
1.37640385598204,-0.361675093706956,1,19,0.0480957224690144,0.144997004194128,0.0449842427650301,0.0404179762319293,"19",-2.98527123772491,-1.77439189132015,-3.05541557239448,-3.16722315550374
0.687226055596437,-0.361675093706956,2,19,0.0247359877705577,0.15043695380774,0.0265931194219223,0.0442406500665893,"19",-3.67444903811052,-1.73117806916081,-3.60014965199885,-3.07286210415481
-1.88666170371554,-0.361675093706956,3,19,0.00192993569005021,0.136882129277567,0.00357224511963582,0.01377773779395,"19",-6.24833679742249,-1.84143107902529,-5.63098235498075,-4.27082766104609
-1.18854039364362,-0.361675093706956,4,19,0.00387157230691469,0.124368686868687,0.00330022249319803,7.5274164241599e-07,"19",-5.55021548735058,-1.95169469157684,-5.71045971036265,-14.0995430196396
-0.0174725841775437,-0.361675093706956,5,19,0.0123808322188455,0.138412698412698,0.0144282637240014,0.0301764752780019,"19",-4.3791476778845,-1.82853659704578,-4.22403287420082,-3.47005146514336
0.636495524759498,-0.361675093706956,6,19,0.0235412209500445,0.143408360128617,0.0165132559749449,0.022031774733751,"19",-3.72517956894746,-1.78726507964022,-4.08694070858977,-3.79299146257313
-0.478961828930975,-0.361675093706956,7,19,0.00784006711037862,0.134540750323415,0.0160913150687151,0.00791347005747888,"19",-4.84063692263793,-1.86139316098686,-4.11325340316319,-4.83124395318803
0.0956816187814079,-0.361675093706956,8,19,0.0138435789188796,0.146373056994819,0.00595370045308717,0.0243903765867581,"19",-4.26599347492555,-1.76333571579017,-5.11777083346184,-3.68887387807022
-0.612311980582358,-0.361675093706956,9,19,0.00686802433949293,0.132982225148124,0.000730967882363033,4.5148483392247e-07,"19",-4.97398707428931,-1.87484400434208,-7.22040980058597,-14.610723603595
-0.676139430725645,-0.361675093706956,10,19,0.00644609034169401,0.130633572828217,0.00962584994419876,0.00336526232650075,"19",-5.0378145244326,-1.89536845184707,-4.63363061891473,-5.69087842401085
0.0859904101107943,1.52085947460648,1,20,0.0836965280521286,0.175870348139256,0.0828308334496763,0.090167243141019,"20",-2.39315011528273,-1.5445807967509,-2.40449155675589,-2.31159459592027
-2.38616452085695,1.52085947460648,2,20,0.0076504947794099,0.119845360824742,0.00147718345539201,1.52459980063018e-07,"20",-4.86530504625047,-1.99389536641753,-6.51613979946042,-15.6963635486949
-2.14115454824499,1.52085947460648,3,20,0.00975381519088857,0.139949109414758,0.0103997175211975,0.0197654673585254,"20",-4.62029507363852,-1.81571271025055,-4.55552246217056,-3.90385551982121
0.0405064185274229,1.52085947460648,4,20,0.0802736980363199,0.187620889748549,0.0837273812970472,0.0815715001563854,"20",-2.4386341068661,-1.46554373277403,-2.39274787890233,-2.42118411896929
0.485852511076312,1.52085947460648,5,20,0.119909440605752,0.223809523809524,0.135051356831685,0.126886967814447,"20",-1.99328801431721,-1.2436025990967,-1.85701500603737,-1.92876835009415
-0.745594457588172,1.52085947460648,6,20,0.0382454386212678,0.201347305389222,0.0400652788241447,0.0437184983450202,"20",-3.22473498298169,-1.37789487169991,-3.17635518887413,-3.08528101188153
0.0293724881533581,1.52085947460648,7,20,0.0794555138269124,0.23208722741433,0.0954398461178574,0.0937425869045067,"20",-2.44976803724016,-1.19656286809723,-2.24895264230117,-2.26877079739738
0.450107792702087,1.52085947460648,8,20,0.116188212440204,0.247927031509121,0.103843965918352,0.118674716904843,"20",-2.02903273269143,-1.10969887672445,-2.15522509817923,-2.00504049913475
-0.157663084818614,1.52085947460648,9,20,0.0668070351222623,0.248919619706137,0.0739729577994508,0.0682544365688164,"20",-2.63680361021214,-1.10438264512945,-2.52720384618619,-2.61381734018016
-1.2677982354689,1.52085947460648,10,20,0.0230461933715043,0.245770258236866,0.041095042688208,0.0359899187148586,"20",-3.74693876086242,-1.1212998289349,-3.14990446556762,-3.28786288878011
